bank_id,bank_name,location,established_year,total_assets,ceo_name,description,country_id,branch_count,customer_service_contact
BANK9587,Mosley-Martinez,Port Lukeshire,1970,"451,444,039",Shannon Hawkins,"Fill more consider decision sea quality. Clear finally stock me.
Point actually physical start wind chance. Where three camera example former indeed use offer. Police artist land low somebody mind.",QA,105,001-604-486-2064
BANK7843,"Young, Hernandez and Arnold",West Sharonmouth,1991,"530,313,867",Jose Scott,"Right beautiful land exactly itself ground. Black nice arm stock.
Like nation great rule. Performance sign less yeah simply summer wait.
Game answer tell fall red.",ID,206,(317)516-4659x73535
BANK2032,Jones-Wall,East Davidbury,2013,"068,086,120",Michael Watson,Management dog senior join policy common. Economic hard alone way evening institution produce. Suffer include guy glass wonder between old.,SR,376,+1-481-648-2720x8091
BANK0849,Murray LLC,Morrowfort,2015,"674,855,401",Nicholas Herrera,Role focus again thus check. Action expect serve police total. Company green time let medical speak left.,VN,178,5787931910
BANK8817,"Mccarty, Novak and Rodriguez",East Michelleberg,2003,"116,435,947",Paul Coleman Jr.,"Picture tend eight clearly.
People live before son magazine act support. Sign interesting father especially. Several customer so shoulder resource participant almost.",MY,380,+1-599-735-9190
BANK8982,"Payne, Wilson and Perkins",Port Tanyaburgh,1971,"140,843,840",Dr. Jonathan Mays DDS,"Sea large high use worry. Production executive news.
Home purpose trade increase.
Thought arm while push daughter laugh. Child certain fish rest the low production. Size light game author animal yet.",DM,447,389.233.3710
BANK8989,Mooney and Sons,Ashleyside,2013,"513,851,045",Tyler Washington,"Science state accept down. Training you arrive all.
Already your line. Its place behind carry. Other walk red beat.",NO,220,498.746.4861
BANK5889,"Gordon, Castro and Bowman",South Marcmouth,1991,"949,142,607",Erin Wilson,"Economic painting financial blood be.
Great produce nature know building. If administration risk worker sing student. Buy believe growth physical.",GY,430,692-847-0440
BANK4157,Jones-Stewart,Jenkinsport,1977,"375,617,445",Bethany Peters,"Color different line talk meeting travel industry. Difference brother exist management life.
Son idea service off reason lose. Simple wear many issue.
See value not.",ZM,55,324.699.6449x948
BANK9780,Trujillo Ltd,New Stephen,1981,"359,460,710",Kristina Carroll,Visit resource address travel. Among group soon his practice blue policy. Deep relate huge sign matter finish food.,LV,282,717-805-9314x8396
BANK9619,Camacho PLC,Rubioton,1985,"424,074,404",Derek Maxwell,Marriage wish fear. Fear figure manager great style center firm force. Claim sort wide choice.,EC,267,4888423290
BANK5518,Arnold Inc,North Jenniferport,2011,"720,755,143",Amy Miranda,"Season action organization pull gas interest media. Join suggest economic health front.
Have stop wonder society. Thousand within explain rich leader wide. Always floor note decade usually economy.",TZ,279,(836)343-8971x89398
BANK1149,"Chan, Shaw and Bell",West Mariabury,2003,"907,592,971",Christopher Lindsey,"Perhaps onto form bar home miss plant notice. Manager father network into nor Democrat long.
Person growth mother whether. Safe prepare whatever smile modern. Oil great do trade surface couple.",AM,228,8193376927
BANK0897,"Peterson, King and Shelton",Lake Tomfort,2024,"767,830,509",Mr. Andrew Bradley,"Indeed fight glass spend benefit structure. Including result energy national officer suggest energy.
Employee she family two have. According region result serve. Recently song account idea form.",AO,164,358-568-3803
BANK2430,Butler-Page,East Charlesview,2018,"196,685,130",Christopher Bailey,Dark relationship care glass word. Possible many far grow certainly possible board fish.,BS,206,939.291.1480x484
BANK3495,"Crosby, Morales and Reynolds",Garyland,1987,"342,194,933",Mr. Nicholas Hays,"Simply whatever Republican task really dog. Our weight college job.
Decision man capital American station size. Large kid husband.",MU,421,912-245-6915x9116
BANK7479,"Foley, Carpenter and Chavez",Curtisview,2016,"835,971,495",Zachary Valencia,"Education miss store born some minute still. President wide begin debate nature few phone involve.
High story speak everybody. Catch town receive conference side standard fast.",GT,149,474.899.7684x1424
BANK9832,Daugherty PLC,South Erictown,2019,"589,414,796",Zachary Curtis,"Feel real edge still phone writer. Reflect reduce city attack evening data.
Series heavy deep public cultural. Security up president already old.",SN,325,001-465-273-8022x71691
BANK9339,Johnson PLC,Debraburgh,1988,"739,855,005",Steven Figueroa,Middle media situation tax drop daughter single Congress. Lay low popular course speech there onto.,GY,337,+1-945-575-2096x729
BANK1632,"Greene, Johnston and Ellison",East Melissa,2013,"396,714,871",Mary Jackson,"Read along ground drug process president alone. Meeting quite major ago positive example data.
Suffer red take base quickly. Table relate voice eight main.",DO,338,336-722-9450
BANK1670,"Shepherd, Walsh and Williams",Heathermouth,1974,"395,292,023",Jon Snow,"Look boy court dinner writer. Else event cause huge door land continue.
Religious recent white season agent. Head personal through work get once. Product return cut science laugh maybe seat.",EC,155,773-599-3222x85032
BANK5940,Le-Dalton,North Elizabethview,1980,"519,653,161",Kelly Smith,Reveal agreement thousand sit chair. Four few behavior investment heart. Forward its do dark until decide sell.,BN,486,836-305-7463x1369
BANK0665,"Fitzgerald, Miller and Larson",Port Devintown,2003,"044,108,190",Angela Moore,Direction suggest parent rate drive. East arm no apply each memory may.,BG,243,898-789-8824x97261
BANK3034,Hill-Richards,Hallfurt,1975,"200,761,935",Scott Santos,"Instead election answer.
Condition raise him then tell blood daughter. Positive right cultural likely may assume money.",DJ,35,366-775-9265x23567
BANK9218,Spears PLC,Anneborough,1974,"876,036,337",Jeffrey Taylor,"Hope expect but think ago simple. Million write soon by beautiful.
Administration issue wonder tree movie from our school.
Full position close technology factor. Recent treat road process.",CA,458,528.407.5391x36825
BANK0353,"Vazquez, Bolton and Dean",East Nicholasport,2007,"652,877,842",Matthew Meyer,"Scientist cause born size Democrat human pay. Ahead edge environment. Leave goal lot town grow interest also.
Score religious better perform main. Machine employee can dog church.",AU,160,001-965-329-9695x3068
BANK0484,Martinez and Sons,Port Ritahaven,1986,"480,596,436",Michelle Nelson,"Space leave federal soon they material property. Several watch benefit standard. Learn in couple put sell.
Once score loss main want. Final teacher network example notice offer find.",SM,446,939.635.9204x034
BANK3548,Ingram-Torres,Smithton,1998,"909,958,492",Dr. Sabrina Gibson,"Cultural next structure camera practice short far. Fall wonder red anyone.
Us see modern imagine similar control. Language notice check also. Edge behind before then.",ID,3,268.419.8542x4570
BANK9477,West-Williams,New Christopherstad,2021,"744,866,446",Robert Sharp,And yard sense create which within. Girl security phone today seven dream. Standard such yeah Mrs. Avoid TV safe democratic own respond culture.,PT,325,001-489-413-7677x5188
BANK2066,"Church, Cox and Marsh",Port Richardmouth,1994,"439,987,312",Nancy Huffman,"Should responsibility current save.
Little realize measure tax. Maintain term leave item sense.",CG,154,+1-610-973-5368
BANK5833,"Rodriguez, Perkins and Spencer",East Sheliaside,1979,"441,316,445",Randall Gillespie,"Off include picture coach. Heart almost gas visit.
Region high place training pretty. Bill already hospital hundred arrive now to for. Building serious section before American may eat back.",TJ,439,904.369.5851
BANK6796,Hubbard-Berg,Rojasfort,2010,"355,130,616",Stephanie Brandt,"Matter thousand more myself. Program their weight forget. Own president mean us health mention east.
Hand commercial son provide. Represent picture a citizen.",NP,302,367-223-2570
BANK6800,Farrell Ltd,Port Andrewmouth,2023,"351,696,205",Brandon Haynes,"Guess offer worry affect region. Wish more leave often. Gun research body put morning.
Myself interview huge budget small. Stop provide into tree measure smile evidence. Protect peace poor.",MA,368,001-325-670-7858x338
BANK7278,Kim PLC,South Kendrashire,1989,"903,632,507",Danielle Smith,Security rule hear word. Student about may still win sell.,BI,294,594.298.3009
BANK5215,Young PLC,Chambersmouth,2004,"588,944,729",Eric Franklin,"Choice strong meeting indeed someone letter mention attack.
Art reality stay popular politics follow perhaps. Radio better many job.",ME,289,9574633004
BANK9562,Hoover-Fisher,Micheleport,1997,"388,030,278",Charles Gonzales,"Too sister television keep cost. Who me argue admit shake buy. Herself mouth plan administration.
Result get current choice enjoy growth this. Girl plant record bad guess.",ET,255,559.466.8967x766
BANK3756,"Anderson, Miller and Wall",New Jeremyhaven,1983,"095,167,777",Brenda Carpenter,"Write space of dinner experience. Such husband idea learn project upon less.
Around class evidence Congress. Little save make interest practice.
Different task final country indeed well.",IQ,427,001-268-362-1699x8791
BANK3172,"Perez, Perkins and Flores",North Stephenhaven,2005,"452,496,194",Stacy Abbott,Oil kind before however remain PM grow. Alone though race science. Feel resource first deep might score kitchen. Military with trip answer.,VE,105,825.340.3422x14885
BANK5335,West-Alvarado,Port Terri,2013,"467,060,906",Matthew Graham,Involve two reflect case north resource. Represent break argue could modern nature. Poor number scene analysis so seat.,OM,288,+1-782-544-0330
BANK9830,"Morales, Cardenas and Lester",East Adam,1976,"149,102,318",Michael Hawkins,"Free report way return. Use program candidate admit little hear. Growth word full yet.
There child floor wait. Remember current economic help eat. Price instead exist administration.",SN,241,486-701-0808
BANK4253,Hill-Ray,Kimberlyland,1985,"468,141,257",Heather Turner,"Election main blood ten. Dog receive hospital fly protect democratic. Tell key Mrs economic baby risk.
Sell bag born north know your defense. Poor doctor paper six. Different detail law wait.",SI,329,323-605-6243x17884
BANK4166,Stafford Inc,Lake Kimport,2008,"414,385,955",Dakota Bruce,"Discussion real reflect. Congress expert knowledge hospital safe result. Soldier news school shoulder close.
Yet act whom page capital television close. Something number size head bed.",KR,228,+1-378-880-3847x0639
BANK7326,Moran-Fernandez,West Johnstad,2007,"472,095,721",Spencer Howard,"Crime strategy hope impact bit rest. Note book store figure mention. Mouth free senior should.
Behavior record mouth show necessary degree subject.",ER,248,(334)971-6614x79519
BANK7897,Williams-Poole,Reedside,2010,"702,188,929",Kelly Lowery MD,"Mrs audience mission town. Station eye general because car same. Myself next arm east rest need heavy.
Bill hospital so action admit hard technology. Evidence anything inside end. Study once whether.",ES,147,+1-647-554-5863x54055
BANK7296,Davis PLC,Lauraside,1978,"842,900,363",Shawn Jones,"Study source report computer line end campaign moment. White foot positive spend past expect.
Six activity power attack behavior while character. Kind food majority. Term bill item.",PS,332,(630)704-8216
BANK7750,Cohen-Woods,Shepardview,2018,"164,612,335",Derek Robinson,"Research technology senior according produce outside. Lead truth left according here medical. Difference popular big today our.
Wait argue magazine. Another power after identify low foot oil.",SB,24,(417)824-7922x44337
BANK2405,Rangel-Thompson,Deanmouth,2000,"407,569,023",Kim Bush,"Many game price gas short. May child politics the important serious reflect. Long onto forget talk read hour.
Once computer dinner improve politics as rule nice.",VU,41,659.294.4166x40204
BANK1392,Miranda Inc,North Jeff,1999,"901,864,265",Brandon Martinez,"Billion ability mouth. Recent effort you sell nation.
Dog financial admit fill population almost clear together. Range management way tonight something.",FM,213,935-311-5201x42995
BANK3866,"Stephenson, Bird and Gill",East Erikhaven,2000,"717,935,539",Pamela Jimenez,"Democratic tax these yard film pass civil. Stand piece century individual.
Car player store apply difficult respond. Occur exist certainly car. Measure only their concern close kitchen.",MM,340,+1-930-974-9270x746
BANK9052,"Mccullough, Swanson and Scott",New Christopher,2019,"358,205,963",Samuel Ramirez,Series official small per work organization. Yes kid worker under large.,PS,179,(274)689-0218x52587
BANK0444,"Stewart, Turner and Lee",East Taylor,1985,"952,182,323",Andrea Harris,"Center almost professional book. Adult piece show. Stuff exist foreign.
Answer course out argue. Wrong look blood later participant right argue. Join fall art put age. Citizen kid shake the claim.",GH,197,250.780.5511
BANK2922,Chapman Group,Christopherburgh,1974,"544,823,894",Mrs. Erin Norris DDS,"Medical him matter sea us. Campaign peace think sign. Participant probably practice lead forget keep step while.
Series city economy blue standard real few. Hour language memory action new.",CM,162,(348)269-2152x6475
BANK7879,Long-Copeland,Wilsontown,1972,"728,107,302",Christopher Mejia,"Head establish because character. Arrive friend record contain peace. Despite actually before.
Difference team majority. Organization now know again establish capital scene speak.",UA,22,545.540.2372x5202
BANK6713,Beard and Sons,Lake Jessica,2009,"517,331,776",Jacob Trevino,"Hundred financial certainly after laugh write final. Husband yourself both ahead wide compare by. Which group country term.
Present society conference. Relate program expert six report over.",PA,44,969.536.5584
BANK2365,"Thomas, Harris and Howard",South Austinmouth,1982,"131,214,363",Elizabeth Evans,Lead such special strong nation ever. Agree these threat language she. Agree little nation agent bar plant.,SV,446,001-729-943-5567
BANK2349,Rodriguez-Moses,Jaredshire,1999,"711,349,268",Dawn Anderson,"Discussion also under line. Discover dog fine there. Nation community service real party.
Film general catch must. Size game behind tough miss yet agree dinner.",VC,87,(771)700-5946x638
BANK7629,Bonilla-Mann,Staceyfort,2015,"124,926,610",Mrs. Sharon Olsen MD,"Bit begin show break long it. Minute feeling between base mother food sometimes. Figure up be score agreement.
Could himself quality necessary. Interesting than others hard thousand country.",RS,140,5855561715
BANK6328,Johnson Inc,South Michaelhaven,1977,"311,945,113",Pamela Morrow,"Project even else structure. You present few environmental. Away indeed there concern by. Agree beautiful follow successful.
Finally century mouth.",GA,156,+1-851-299-9628x239
BANK9021,"Ross, Taylor and Marshall",East Shane,1970,"668,569,863",Lisa Drake,"Help sure police audience. Entire mind evening bring building.
Poor goal likely. Ask above remember reflect tough specific century difficult. Trade news increase.",BH,474,+1-370-610-1372x1372
BANK0003,"Salinas, Davenport and Howe",North Frank,1987,"582,213,086",Tina Williams,Move analysis say old quite. Yeah ten animal sing teach probably recent feeling.,PL,250,(271)309-3787
BANK8337,Moore-Huynh,Johnsontown,2022,"531,563,198",Mark Jennings,"Training improve specific expert blue edge. Forward foot defense information.
Side risk moment interesting. Quality human pay course anything.",MH,451,+1-341-562-7259
BANK3729,Mcclain LLC,Megantown,2018,"877,290,166",Justin Henson,"Green sing sure model again measure across. Card blood perform dark. Born head that size accept organization necessary.
Stand mission wall find probably. Station evening guy market attorney.",SC,317,995.216.5834x36864
BANK6399,Mendez-Conway,East Nicoleville,1976,"433,848,169",Stacy Marshall,Probably however friend doctor whom very. Soon instead candidate manage. Act according officer.,MN,437,001-467-824-8875x414
BANK7138,Bowers Group,Michaelhaven,1991,"831,559,757",James Gould,"Third break agreement oil she expect political. Reveal pick action that official data.
Wife long similar food develop put product. Get or indeed use nature hit husband follow.",LU,299,(558)390-1471x1043
BANK1601,Brown Inc,Carrbury,2004,"877,504,951",Darren Hughes,"Even pay able light begin performance. Deep yard many.
Actually drug skin number already if.
Radio and mission national factor turn second. Back view simple for thus person three matter.",UG,109,+1-569-498-0430x29971
BANK1672,"Pierce, Parker and Robbins",East Garyberg,2009,"947,010,144",Brendan Gonzalez,Bill sort total participant under institution ok method. Scientist evidence member political necessary.,BG,448,(795)979-1917
BANK1750,Adkins-Byrd,North Brittneyland,1995,"179,678,401",Stacy Thomas,"Responsibility occur paper opportunity others. Charge add subject film mission.
Amount those your someone argue side win. Then day win five top. Must home knowledge.",AF,177,6949455441
BANK4589,"Richards, Thomas and Marshall",Lake Mark,2009,"334,083,179",Mary Jordan,Mission charge authority reveal space TV blood know. Official woman window particular. Population former nothing network effort radio test.,SG,34,5572337025
BANK7526,Thompson Ltd,Robertsonstad,1972,"692,611,138",Scott Davies,"Sell country find. Democrat argue they care common where give.
Seven marriage beat civil. Instead loss under about ok research cause.",NE,284,860.332.0719
BANK3408,"Powell, Reeves and Rodriguez",West Carolynside,1982,"551,749,604",Stephanie Mckinney,Year beyond environmental easy ever painting. Occur think north off certain history.,BE,390,+1-910-384-3724
BANK0877,"Brown, Mora and Howard",South Victorhaven,1983,"809,145,554",Rachel Glenn,"Begin mother put heavy consider. Local turn today project identify pull.
Want whole management play avoid peace. Positive charge including adult. Visit head culture dark central. Mr maybe next his.",GH,398,(201)667-3548x0938
BANK9806,Mitchell-Wilson,East Kevinstad,1980,"606,944,446",Jessica Ward,"Late cup form conference. Government nearly maybe myself and else. Admit near job leg.
Year least ready audience across again marriage. All moment notice share movie brother.",MK,438,(623)238-0913
BANK9875,Williams and Sons,Marieborough,2013,"942,783,160",Shannon Burch,Heart go senior prove project part. Say send response bed couple her water. Need imagine pretty account major its.,AG,50,001-471-536-1444x234
BANK7992,Smith-Cooper,Mirandafort,2000,"934,256,497",Stephanie Davis,Concern say professor wait drug race. I short spend live use. Through family last collection admit will control all. Only visit wide agent any for.,HR,60,341.670.8647
BANK2702,Allen-Marquez,East Angela,2002,"119,852,296",Diana Alvarez,"Politics impact dark hard ago husband. Cold lose charge use.
View until several require truth reveal positive. Almost sister weight lose talk society.",EG,130,853-848-8876
BANK6459,Jones-Strong,Ashleybury,2006,"971,150,008",Jason Morris,Eye make better. Provide consumer something example bed move study. Along back clear way.,KI,244,+1-816-781-4328x38559
BANK8430,Smith-Rogers,Escobarberg,2002,"269,825,425",Courtney Cortez,Sound herself company those table. Paper girl deal indeed design. Agency ability measure race available claim young. Training in unit.,HN,365,4603772993
BANK2035,Cortez PLC,Gregoryside,2003,"539,022,774",John Adams,"Class suddenly adult. President least truth general anyone amount.
Claim lead road between. Fish else large moment.",BJ,459,595.653.2493x86648
BANK0573,Mckee-Gonzales,Ericland,1981,"767,150,419",James Miller,Market pass final pretty decade pay physical. Officer would necessary media north compare administration.,HR,184,580.307.3035x518
BANK0263,"Rodriguez, Gutierrez and Brooks",Cathybury,1993,"975,531,705",Tony Duke,Rather field message theory. Tell choose sister computer. Language purpose whose candidate decade this. Agree trade standard if capital food.,CO,25,626.986.9242x2104
BANK1472,Mcclain-Walker,East Alfredbury,2012,"163,583,880",Emily Lynch,Media just hard respond happen song its. Almost myself serve easy try doctor. Career contain since TV.,NE,47,568-370-1346x27386
BANK2289,"Tran, Bates and Castillo",Lake David,2000,"982,234,189",Miss Cynthia Moreno,Interview free white eye throw sister together summer. Deep serious remain show hospital yard evidence. Choose anything choose note.,MZ,47,8495791125
BANK7793,Salazar Inc,Leahfurt,1980,"145,043,561",Diane Wilson,"If coach fight right production right. Work heart former exactly the join pull.
Our should nor my. Own traditional scientist rise culture eight him. Card late feeling oil through resource person.",CL,496,742-390-1882
BANK8702,"Page, Fields and Moreno",West Marissafurt,2011,"478,002,647",Susan Farrell,"Life investment high. Spend measure grow that former.
As feeling response raise move real raise west.
Per PM power become true involve show. House way major.",LV,135,544-332-5389x935
BANK4754,"Miller, Rivas and Gonzalez",Lake Barryville,2003,"209,107,665",Kayla Meza,"Student church executive follow. Report success room wide.
Reduce development brother happen benefit.
Least look born end one bank carry. Of specific feel result thing agree law.",TV,19,+1-672-480-7136
BANK5763,Pena Ltd,Hernandezshire,1995,"780,821,301",Michael Alvarado,However event case where capital learn indicate. Give cut end. Movie hot ahead play behavior.,TO,152,316.457.2791x71779
BANK9188,Green-Larson,Laraton,1973,"967,740,959",William Ferrell,"Grow knowledge concern common.
Go yeah report every crime. Project future hand know when.
Analysis card today quickly majority school week. Debate figure if son enter seek.",BG,329,749-452-9410x246
BANK6781,"Castillo, Wong and Campbell",Adamhaven,1970,"807,512,632",Susan Jacobs,"Happy claim I glass. Audience theory gas.
Become idea bank game case now money. Parent goal camera result important them.
Remain game kitchen drive. World professional production family fire.",NE,178,212.475.8740x447
BANK0195,"Jennings, Mendoza and Copeland",Reginaborough,2015,"228,509,298",Kevin Dalton,"Consider believe skin into before. Democrat why make somebody every sign. Feel research stand.
When reveal put fall into recognize change. Whose final development wrong. Matter clearly now cold trip.",EG,388,885-494-2220x3039
BANK2745,Reyes Group,Samanthahaven,1995,"675,381,999",David Chang,"Establish even summer. Run pull others break pressure future. Young myself remain increase direction wish.
Son always together six heavy. Floor cup magazine certainly life anyone write.",ER,241,+1-914-741-6793x26912
BANK7225,"Smith, Baker and Curtis",South Thomas,2024,"668,534,744",Dr. Laura Chambers,Wear collection physical fly specific individual. Air must evening focus again tell nothing. Little lawyer figure stop easy system baby hot.,LY,442,001-774-763-5049x164
BANK3875,Brown-Flores,Hendersonbury,1976,"972,100,590",Kyle Hayes,"Road woman west himself none up task. Drug natural since open summer. Environmental capital sign by.
Marriage certain sing together look free.",WS,499,435.661.3608
BANK8597,Nguyen-Smith,Port Faith,1984,"997,354,416",Christopher Carter,"Season remember seek fill garden. Single agree night worker effect.
Score catch how discuss. Do drug lot court yourself. What build unit executive commercial.",CG,25,+1-248-337-3093x798
BANK6681,Thomas Ltd,Leontown,1982,"612,681,681",Cory Adams,"Southern if detail while however sometimes child again. Campaign under degree look response.
Be this compare new. Take serious recognize run.",SB,364,+1-826-417-0257
BANK1715,Shaw LLC,Frostton,1998,"947,920,637",Anita Castillo,"Such reality media day change bed though theory. Interesting may main address suggest.
Good still lay. Benefit act themselves news interest five.",SY,259,001-611-287-0568x4586
BANK8126,Rodriguez Ltd,Albertton,1998,"797,603,988",Justin Lopez,"Time stuff executive big season.
Under your to far maintain. Edge option could time behavior. Interesting item community strategy commercial choice least.",YE,94,519-912-3219x308
BANK3684,Webb-Lynch,New Jasonville,2001,"503,997,293",Ashley Hall,"Whom school pull family expect new. Compare side fine film nice next save.
All special can ask rock here. Case trip provide president best together once. Ever now media state spring.",BE,144,001-458-469-2049x644
BANK7057,Evans and Sons,North Edwardchester,2000,"088,700,614",Dennis Cohen,Value school where need will less. Lawyer three view clearly talk marriage class.,RW,333,677.703.7620x13654
BANK0041,"Burns, Scott and Stanley",Stevenhaven,1999,"233,589,367",Curtis Wright,Similar set someone change include. Program partner cell list scientist population training base. Example yet or modern.,KR,193,937.336.6395
BANK1270,Barker-Lopez,West Donnastad,1974,"631,747,690",Candace Hopkins,"Spring indicate knowledge so crime site put. Want their too why well occur.
Fall according them perhaps. Piece behind here enter.",KW,96,+1-336-814-9741x0251
