hospital_id  ,hospital_name  ,location  ,contact_number  ,email_address  ,bed_count  ,department_count  ,description  ,city_id  ,state_id  
H001,Max Healthcare Saket,Saket New Delhi,01126588500,max.saket@maxhealthcare.com,300,20,Max Healthcare Saket is a multi-specialty hospital offering advanced medical care with state-of-the-art facilities and a team of experienced doctors dedicated to patient well-being,DL,DL
H002,Fortis Hospital Mohali,Mohali Punjab,01725010000,info.mohali@fortishealthcare.com,400,25,Fortis Hospital Mohali is known for its comprehensive healthcare services and cutting-edge technology providing exceptional patient care and a wide range of medical specialties,PB,PB
H003,Manipal Hospital Bangalore,Bangalore Karnataka,08022220000,contact.bangalore@manipalhospital.com,500,30,Manipal Hospital Bangalore is a leading healthcare institution providing quality medical services with a focus on patient safety and satisfaction through its highly qualified medical professionals,KA,KA
H004,Apollo Hospital Chennai,Chennai Tamil Nadu,04428291111,info.chennai@apollohospitals.com,600,18,Apollo Hospital Chennai is a premier healthcare provider with a commitment to delivering high-quality medical care and advanced treatment options across various specialties,TN,TN
H005,Columbia Asia Hospital Pune,Pune Maharashtra,02066030000,info.pune@columbiaasia.com,250,15,Columbia Asia Hospital Pune offers a range of healthcare services with a focus on patient-centric care and a team of skilled healthcare professionals dedicated to improving health outcomes,MH,MH
H006,Jaypee Hospital Noida,Noida Uttar Pradesh,01204280000,contact.noida@jaypeehospital.com,350,22,Jaypee Hospital Noida is equipped with modern medical technology and a dedicated team of healthcare professionals committed to providing comprehensive healthcare services to the community,UP,UP
H007,BLK Super Speciality Hospital,New Delhi,01130403000,info.blk@blkhospital.com,450,28,BLK Super Speciality Hospital is recognized for its advanced healthcare services and a wide range of specialties ensuring the highest standards of patient care and medical excellence,DL,DL
H008,Fortis Escorts Heart Institute,New Delhi,01141500000,contact.escorts@fortishealthcare.com,200,10,Fortis Escorts Heart Institute is a renowned cardiac care hospital offering specialized treatment and advanced technology for heart-related ailments ensuring the best outcomes for patients,DL,DL
H010,Sunrise Hospital Mumbai,Mumbai Maharashtra,02224990000,contact.mumbai@sunrisehospital.com,300,20,Sunrise Hospital Mumbai is dedicated to providing high-quality medical care with a focus on patient comfort and a comprehensive range of healthcare services tailored to meet individual needs,MH,MH
