car_owner_id,name,address,phone_number,email,purchase_date,last_service_date,description,owner_since,car_id
NvXM-70483,Elizabeth Hall,"3229 Maxwell Viaduct Apt. 214
West Stevechester, WV 87054",+1-919-522-0390x2362,dorothy38@example.com,2022-10-14,2025-01-20,Report far research color.,1972-03-08,CAR17168
xwJi-24700,Nicole Norton,"USCGC Taylor
FPO AA 90157",001-238-790-5366x81049,kfletcher@example.org,2024-11-10,2025-01-14,Able garden mouth.,1990-08-15,CAR97036
xROF-90221,Sydney Sandoval,"79411 Janice Orchard Apt. 104
Collinsfurt, VT 86277",(994)364-3034x36143,andrerojas@example.net,2024-09-02,2025-01-06,Onto attack season however.,2001-04-20,CAR40100
pcXB-55616,Mark Morgan,"40161 Sara Hollow Suite 643
South Kristina, NY 89218",858.265.6925x0614,josephdiaz@example.org,2020-01-19,2025-01-21,Blood full job gun him help speech.,1951-10-10,CAR18471
khFA-79591,Melissa Holmes,"24848 Travis Oval Suite 994
Harryview, SD 89106",(687)317-8614x5445,fernandezmarie@example.net,2024-11-09,2025-01-15,Drop show join campaign decade among hospital similar.,2004-02-20,CAR49864
dXwt-08354,William Hartman,"0928 Heather Station
West Anthonyview, MN 24612",799-733-7155,bassryan@example.com,2024-05-23,2025-01-11,Six voice nice run security ahead attention.,1967-12-02,CAR46303
rweG-29414,Justin Dean,"PSC 3103, Box 5200
APO AA 23624",001-857-615-7357x002,jodi54@example.net,2022-02-23,2025-01-06,Sort low political less.,2000-07-08,CAR83440
tgVV-15794,Paul Ware,"4298 Jason Stravenue Apt. 739
Smithview, GU 04854",892.777.1116,nicoleramirez@example.org,2020-02-13,2025-01-17,Time myself lay.,2002-01-05,CAR46303
AtaK-26594,Pamela Barnes,"188 Bennett Highway Apt. 663
Rossview, VT 36676",(934)610-2953,tonyjones@example.org,2024-10-24,2025-01-17,East determine four subject.,1996-01-05,CAR97036
Bqnu-17348,Jade Hall,"87745 Pamela Route Suite 159
South Matthew, AZ 35908",5923652224,james49@example.org,2021-11-30,2025-01-01,Lose detail part anyone knowledge sense.,1960-01-05,CAR28479
hrYk-98328,Holly Miller,"0274 Joseph Expressway Apt. 789
Rebeccaview, PA 23204",(471)728-4751x4143,deborahyoung@example.com,2022-01-28,2025-01-20,Position court mention or after growth.,2003-03-13,CAR64574
NkFr-94639,Anthony Grant,"875 Adams Fork Suite 211
Davidfurt, CT 95184",(413)339-0034x41029,martinezkenneth@example.org,2023-05-08,2025-01-12,Report matter plant country drive forward oil so.,1958-06-26,CAR51507
NoQt-58032,Nina Fernandez,"933 Mitchell Plaza
Chavezport, HI 81418",(833)997-8712,emitchell@example.net,2021-03-08,2025-01-11,Board view population never success.,1975-02-02,CAR35550
lcKj-68368,Brandon Stafford,"USS Griffin
FPO AP 68478",001-796-953-4335x02570,jasonweaver@example.org,2020-12-02,2025-01-17,Policy wall direction international.,1946-01-07,CAR02992
rgiB-87564,Gregory Greene Jr.,"74734 James Field Apt. 800
Whitehaven, NM 03374",3119293518,sextonjustin@example.org,2023-04-04,2025-01-14,Night recent industry third type indicate its.,1991-06-06,CAR17168
WuEx-28249,Richard Ferguson,"104 Denise Underpass Suite 852
Lake Keithside, GU 63599",+1-356-769-4749x7687,kevin71@example.com,2021-09-18,2025-01-06,With answer require him everybody recently.,1999-12-15,CAR54889
TFsi-53750,Theodore Hays,"64889 Dean Knolls
Jamesside, NV 29797",001-949-960-0371x4142,ugibbs@example.org,2020-09-17,2025-01-10,Former election both inside information next cell.,1994-09-18,CAR35550
fvAd-56267,Kelsey Gonzalez,"80646 Gardner Tunnel Apt. 669
South Amber, NY 51189",(756)245-7525x65394,samanthamullins@example.net,2021-12-19,2025-01-12,Skin mind with.,1953-03-11,CAR20159
LCGS-98545,Jacqueline Kirby,"2553 Craig Glen Suite 861
West Jessica, SD 13387",+1-657-485-5295,kingchristy@example.com,2022-09-06,2025-01-09,Attention move account big cut specific crime next.,1952-05-29,CAR18471
xMST-24043,Carrie Copeland DVM,"6579 Li Land
Bonnieshire, AZ 03181",+1-491-449-2960x11996,qgalloway@example.net,2022-11-09,2025-01-17,Film hand decide military because.,1959-01-16,CAR35550
Ysih-43663,Pamela Lopez,"595 Johnson Pass Apt. 022
East Codystad, VI 02267",001-783-222-9322x4780,campbellcharles@example.net,2020-03-28,2025-01-12,Important set drug paper tree industry back.,1954-05-29,CAR85131
zvuM-59651,Anne Harris,"433 Austin Radial Suite 693
East Taylor, MH 33069",695.594.9373x251,emilypadilla@example.net,2021-08-28,2025-01-18,Never claim office southern rich room half.,1973-02-22,CAR98437
WjEI-51096,Amy Carter,"72792 William Stream
Ericafurt, WI 73245",+1-934-455-5534x2081,mccannjoe@example.com,2020-07-15,2025-01-02,Southern group if later.,1987-10-30,CAR97036
OFRY-14423,John Potter,"80329 Alicia Flats Apt. 910
Port Maureen, HI 88674",9317007387,adamyoung@example.com,2020-03-13,2025-01-17,Six as nice college.,1994-12-18,CAR28322
MxiS-37496,William Calderon,"34787 Martha Glens Apt. 686
Wilsonport, IA 52577",870.963.9347x3062,carrie75@example.org,2023-02-11,2025-01-04,Throw raise citizen across few clearly.,1971-01-19,CAR85131
iWsz-27244,Michael Knapp,"607 Alexander Spring
North Alexander, PR 69340",585.806.7988x41921,jason79@example.net,2024-07-21,2025-01-18,Assume organization product.,1993-07-28,CAR20159
SMNc-40209,Mary Brown,"USNV Sheppard
FPO AA 05073",2816473006,joseph11@example.org,2020-02-29,2025-01-12,Usually cup rate glass coach.,1988-04-03,CAR25224
EaLE-93581,Michele Brooks,"9449 Sarah Prairie Apt. 983
North Timothy, SC 13041",818-936-0455x93156,david62@example.com,2020-08-07,2025-01-17,Still kid message statement.,2003-01-29,CAR25436
fRDc-93059,Christopher Oliver,"7261 Stephen Prairie
Port Kimberlyburgh, KY 30020",956-324-0571x97631,stephentucker@example.net,2020-03-10,2025-01-11,Address challenge parent after perhaps task.,1978-03-23,CAR83440
VWIs-57675,Rebecca Avila,"93657 Amber Fork Suite 703
East Hannahtown, TX 34663",(230)349-1750x50991,joshuahuff@example.org,2024-06-02,2025-01-10,Father couple agreement condition.,1984-11-17,CAR36790
CzdP-44181,Nicole Weaver,"16258 Werner Parkway Suite 736
East Deborahfort, NH 44540",454-283-3925,hgates@example.org,2020-10-18,2025-01-14,You scene bed second.,1952-11-14,CAR02773
wEkr-40287,Michael Anderson,"385 Sean Skyway
West Elizabethbury, WI 78015",(635)922-3819x5743,juliahughes@example.org,2020-03-07,2025-01-12,Tax past baby suffer order.,1956-06-23,CAR54889
ymUO-31513,Ryan Martin,"PSC 2134, Box 5764
APO AE 34586",948-723-6347x188,garyking@example.net,2023-09-01,2025-01-02,Break national least deep.,1967-05-25,CAR01229
TcRv-15056,Ivan Butler MD,"4337 Franklin Mills Apt. 298
Foleymouth, VA 58632",896.393.6429x0594,johnstark@example.com,2023-11-08,2025-01-16,Build realize today protect threat response.,1972-11-04,CAR51507
VcfP-71211,Scott Brown,"1757 Thompson Locks Suite 788
South Gregory, ND 16631",595-296-8834x7019,dbrown@example.net,2022-02-12,2025-01-21,Of shoulder ago morning degree thus us.,1965-05-14,CAR97036
LAYl-30730,Peter Reese,"4070 Taylor Mountain Apt. 809
East Victorport, VT 31626",9296033529,lvelazquez@example.org,2022-01-23,2025-01-18,Time computer forget always apply.,1968-12-01,CAR17168
ZvXB-08248,Stephen Bruce,"0420 Martin Throughway Suite 775
Bernardchester, VT 53919",384-674-8660x991,alejandro92@example.com,2022-02-20,2025-01-15,Create stand attack lay goal before.,1945-12-10,CAR51507
AGFX-65926,Samuel Gonzalez,"PSC 3507, Box 8120
APO AE 44956",001-677-225-3373x68111,cliffordcarroll@example.com,2024-08-08,2025-01-13,Bar up thought explain none mind.,1967-02-03,CAR26987
mjZy-89075,Heather Perry,"86945 William Orchard Apt. 682
East Michaelchester, IL 07896",666-409-5657x0334,ygallegos@example.net,2021-03-31,2025-01-20,Save particularly admit.,1967-06-05,CAR45678
WhWM-46968,Adam Wilkinson,"37818 Moore Square Apt. 664
Greenmouth, MO 27052",+1-585-838-5950x456,karenwilliams@example.com,2022-04-17,2025-01-03,Reason garden quickly reduce.,1993-03-27,CAR60288
INuW-09431,Teresa Stevens,"8335 Lauren Mountain
Port Amanda, GU 39971",947-284-2938,emullins@example.org,2020-07-04,2025-01-11,Follow reality one form help while market.,1995-06-20,CAR85131
Svev-54226,Johnathan Brown,"5392 Anderson Roads
New Derrickhaven, OK 95995",001-380-752-8391,rellison@example.com,2021-04-09,2025-01-05,Peace say rule debate evidence American present.,1982-09-17,CAR76034
yZBe-06955,Peter Dickson,"830 Vincent Point
North Angelaberg, LA 41714",001-203-897-0324x56919,jessica18@example.org,2021-05-20,2025-01-20,Season lead sea seem film approach player small.,1954-01-16,CAR48211
xryU-93356,Denise Franklin,"7319 Annette Mountain
Lake Cherylshire, AS 53252",+1-623-948-0185,zking@example.com,2023-11-01,2025-01-12,Future the situation ahead.,1946-02-21,CAR54889
TiJp-65889,Sara Hamilton,"00004 Reyes Mill
Robertview, PA 89670",001-428-476-4593,ataylor@example.com,2024-11-02,2025-01-09,Control within rate subject reach though letter.,1963-01-27,CAR10415
fpLc-29322,Amanda Andrade,"33644 Vasquez Pines
Lake Zachary, NH 18730",6037893623,pwilliams@example.com,2021-03-09,2025-01-02,Friend few open.,1999-12-24,CAR39945
hakD-30210,Mark Baxter,"PSC 6878, Box 7256
APO AE 17468",+1-522-213-2715x66633,zacharyjones@example.net,2021-02-02,2025-01-16,Simply color everybody how just money light.,1991-04-13,CAR64457
HVHc-97153,Jo Wood,"335 Joseph Motorway
Johntown, HI 69476",989-684-5370x6239,tvargas@example.net,2023-01-20,2025-01-05,Shake me degree garden worker social food.,1962-06-14,CAR91230
gTfC-98200,Richard Douglas,"PSC 1408, Box 4211
APO AP 51522",(850)728-7419x023,nsmith@example.net,2024-07-29,2025-01-17,Better rate song executive.,1945-04-15,CAR28322
iVZk-91625,Lori Ewing,"2609 Hale Loop
Rodgersshire, ME 98007",001-277-228-3295x6230,ymendoza@example.org,2024-11-16,2025-01-19,Long skill against.,1953-08-31,CAR78288
SOGL-54836,Kimberly Simmons,"48439 Trevor Rest
Mcgeeton, NM 70857",(995)535-0022,fconway@example.com,2022-05-26,2025-01-09,City know arrive enjoy sit.,1984-04-04,CAR97036
WwLG-68957,Andre Burgess,"1725 Logan Dam Suite 018
Lauramouth, MS 52777",+1-504-737-7756x86386,taylorgriffin@example.net,2024-03-29,2025-01-04,Community what little organization never evening many.,2003-10-06,CAR25436
cQNH-74864,Jessica Delacruz,"USS Christensen
FPO AA 49566",(337)517-9955x7303,barbara34@example.net,2022-07-12,2025-01-16,Quite despite approach television nor away religious.,1963-07-13,CAR01092
WxAt-89187,Michael Calhoun,"5562 Tiffany Shores Apt. 616
South Pamelaton, NM 44181",395-461-8941x5494,nguyenchristopher@example.org,2023-12-05,2025-01-03,Term approach figure if pretty give stock though.,1978-10-15,CAR65907
PxFS-35740,Laura Juarez,"0215 Rowland Stravenue
North Melissafort, NC 94403",+1-498-882-9970x9467,pcummings@example.net,2020-09-01,2025-01-18,Social then south good of everything.,1997-12-26,CAR12125
xFAT-16110,Brittany Gonzalez,"569 Proctor Overpass Apt. 576
Stevensonmouth, DE 89941",431-437-6336x7838,andrew82@example.net,2020-05-30,2025-01-19,Field support soldier speech art write such.,1955-02-04,CAR25224
BKTu-97714,Tiffany Reyes,"364 Rebecca Junctions
New Derrick, WY 74286",591.603.7819x1779,michaelspears@example.net,2020-07-13,2025-01-17,Activity mind professional popular nature wall check job.,1992-05-14,CAR35550
DKJq-69217,Suzanne Norris,"93259 Nguyen Route
Jaredland, HI 45080",478-256-7899x10415,stephanie97@example.org,2020-11-17,2025-01-09,Again protect must rise late everybody.,1970-04-17,CAR51507
OWwN-38246,Ashley Hart,"367 Williams Mountains
Vincenthaven, PA 36963",+1-444-545-0565,brandijackson@example.net,2020-06-22,2025-01-21,Center radio just easy first fill make manager.,1968-04-03,CAR68095
JQdi-49872,Sheena Mitchell,"USNS Wright
FPO AE 29805",001-737-953-6741x08715,tcabrera@example.org,2023-04-02,2025-01-03,Talk surface oil paper against science theory task.,1974-03-17,CAR91896
VZmr-93589,Kenneth Long,"1599 Christopher Turnpike Suite 422
New Kathleenborough, PA 17185",671-578-8043,wangmichael@example.com,2024-06-09,2025-01-21,High realize usually change set skin.,1970-07-02,CAR51507
ixMH-87689,Felicia Snyder,"81359 Fisher Fall Suite 962
Popebury, MD 92080",+1-206-424-5828x570,stephanieoliver@example.net,2021-03-01,2025-01-13,Identify enjoy television necessary million.,1945-03-01,CAR92266
IrRt-82559,Brad Williams,"88624 Zachary Trafficway
East Tiffany, DE 73045",889-387-3417x3937,rachel50@example.net,2020-04-20,2025-01-07,Body ground wear story.,1954-03-04,CAR83440
pOYL-25573,Mark Shaffer,"19704 Jeremy Ways Apt. 211
East Joelville, SD 45773",932.924.6960x2219,ksanchez@example.net,2020-09-30,2025-01-06,Father rule machine pressure return mind.,1953-12-23,CAR66827
SetL-68124,Jesus Gonzalez,"56112 Brown Springs Suite 615
Kimberlyview, TN 10271",250-214-3720x7390,uroy@example.com,2022-02-26,2025-01-20,Without indeed want attack decision cultural get.,1962-11-17,CAR60288
AbuV-15576,Lindsay Burke,"3435 Travis Station Apt. 931
Smithberg, FL 08273",(728)975-9999,sullivantimothy@example.net,2023-05-26,2025-01-22,Plan smile fight example tell news might.,1992-05-04,CAR94301
CrAd-04971,Destiny Peters,"588 Graham Centers
Port Amyside, LA 55461",(776)331-3774x57943,sallyrogers@example.com,2023-03-14,2025-01-09,Charge range home hear not.,1981-10-15,CAR65216
kTSV-53856,Rhonda Robertson,"0917 Lutz Oval
Desireeland, DE 83718",001-931-835-8358x4170,reillyjuan@example.org,2022-08-01,2025-01-12,Sea get seat director society heavy.,1976-09-23,CAR68095
CCVb-49476,Lindsey Howard,"967 Griffin Cape
South Dalton, NY 40303",(973)817-8041x31734,jessica72@example.org,2022-01-03,2025-01-22,Six blue deal drop surface though clear.,1980-12-03,CAR78288
Hzfz-59362,Diamond Brown,"1673 Daniels Corners Apt. 089
East Arthurfort, WY 00725",820-341-9858x3833,brandon09@example.org,2022-01-05,2025-01-22,Politics world fear long story candidate start.,1960-12-18,CAR17168
ozwm-31123,Mr. Anthony Lawrence,"21568 Christian Turnpike
Josefort, WA 50652",001-474-325-1664x091,hamiltoncurtis@example.org,2021-03-02,2025-01-03,Statement candidate road edge even its.,1983-09-25,CAR51507
kOeX-14127,Crystal Williamson,"72073 Gentry Mission
Austinchester, ID 75567",654-941-5488x122,medinakevin@example.org,2023-12-29,2025-01-17,For boy up tree do reveal.,1997-12-22,CAR85131
ifWt-56020,Diana Barrett,"928 Carlson Crossroad Suite 278
Carrollmouth, AK 84180",584.953.5438,haleyrobinson@example.com,2024-09-15,2025-01-17,Senior structure reflect either direction her.,1947-12-03,CAR15706
HVui-68108,Scott Hodges,"9468 Harris Pines Apt. 777
Port Brandon, DE 17064",(663)956-6557,williamsautumn@example.com,2021-02-08,2025-01-14,Style treat democratic job scene wish floor than.,1966-06-28,CAR60288
yQiF-26050,Michelle Callahan DVM,"1990 Daniels View
Parkerside, TX 08476",+1-830-340-2763,vaughnharold@example.net,2020-06-12,2025-01-06,College feel hold hand or great summer.,2000-01-03,CAR28322
YVMj-27481,Michael Kim,"6593 Jenkins Coves
North Edward, HI 78162",+1-763-294-4936x38509,teresa78@example.org,2021-12-02,2025-01-18,Against mean house.,1982-05-16,CAR78288
QYkm-00914,Matthew Kaufman,"6914 Mark Islands Suite 033
Joseside, CT 08732",643.378.4033x37179,josephmark@example.org,2024-01-23,2025-01-06,I cold purpose him anyone writer same.,1946-08-12,CAR28996
SnuD-97269,Frank Parrish,"36445 Sara Circle Apt. 952
Lake Jessicashire, MH 36376",001-824-844-2781x334,proctortimothy@example.net,2021-12-13,2025-01-21,Onto really especially project total it natural.,1968-04-26,CAR54889
nnbz-63076,Roberta Ortiz,"6621 Peter Parks
New Christopher, FL 25787",+1-749-334-3064,bmartinez@example.net,2022-04-15,2025-01-18,Kid rule specific budget feeling much still girl.,1978-07-23,CAR83440
aqVt-34658,Mr. Robert Reed,"Unit 8086 Box 8734
DPO AA 83999",676-439-4716x65159,lutzjason@example.net,2021-07-18,2025-01-03,Program heart here hope.,1985-06-24,CAR01092
rsyZ-65918,Shelly Thompson,"PSC 1599, Box 0334
APO AE 32335",001-961-304-9210x6643,robersondonald@example.org,2021-10-17,2025-01-12,Wear this respond environment instead good.,1950-01-27,CAR28996
ROYn-03463,Daniel Williams,"Unit 2853 Box 5442
DPO AP 81794",6515021509,seanwoods@example.com,2020-07-24,2025-01-08,Stay how perhaps vote notice agreement garden.,1976-06-23,CAR15706
ZSTl-86269,Michael Davenport,"927 Michael Court
South Michellefurt, VT 27696",779.281.7781,deankimberly@example.net,2020-11-10,2025-01-15,Different necessary point that.,1946-02-06,CAR48211
svnn-90507,Randy Rivera,"378 Washington Meadows
Robertstad, AK 08369",001-987-544-5219x0746,qwashington@example.org,2020-11-22,2025-01-09,Community power do hot sign war professor.,2005-04-30,CAR35550
kHih-95406,Andrea Garcia,"PSC 9873, Box 1740
APO AA 89781",847.269.6978,wallsfrank@example.com,2021-09-15,2025-01-09,Hot effort throughout.,1965-02-07,CAR39945
vQfo-85754,Austin Phillips,"13379 Jeffrey Way
North Carolynview, SD 08254",(840)966-9463,megan80@example.com,2022-10-04,2025-01-16,Pass magazine show because rate behind he.,1951-08-09,CAR90355
zTlG-50022,Russell Romero MD,"0771 Cooper Locks Suite 502
South Kimberlymouth, UT 13979",686.396.9329,dustinwilliams@example.org,2024-03-26,2025-01-20,Character impact ten see.,1965-04-10,CAR98437
cRYD-64732,Theresa Dalton,"39604 Heather Brooks
Michellestad, AL 06053",+1-501-844-1963x93379,brocktristan@example.com,2020-02-25,2025-01-18,Find establish evidence program camera.,1962-01-10,CAR92266
vxCl-56189,Scott Mcintyre,"9917 White Ports
Chelseaside, SD 72246",(308)758-0860x62020,rileydarlene@example.org,2023-04-28,2025-01-19,Possible community body book evidence including.,1952-03-24,CAR54889
NtSn-42002,Lauren Fowler,"5489 Williams Square
North Amanda, VA 85425",+1-457-850-3159x0379,christopher53@example.net,2024-05-07,2025-01-20,Media fund easy answer just remember him.,1986-10-31,CAR60288
EkdK-59062,Christine Roth,"69668 Johnson Hollow
Amberborough, MH 55372",339.474.1242x361,garciaandre@example.org,2021-03-26,2025-01-17,Kid camera size.,2004-12-05,CAR54889
oKuC-36176,Brittany Hill,"55763 Lee Center Suite 908
Deleonmouth, AK 85650",447-709-1138,kelleyevan@example.net,2021-05-19,2025-01-18,Newspaper outside vote college.,1968-11-17,CAR91896
pawG-91260,Robert Johnson,"30176 Kelly Courts
West Seth, ME 57665",+1-653-331-5372x1877,irivas@example.com,2022-06-17,2025-01-13,Safe successful job page enjoy exactly.,1999-11-10,CAR40100
HBNH-42633,Deanna Morales,"10166 Rose Stream Suite 882
New Allisonport, TX 96985",718.285.8638x99425,nelsonjohn@example.net,2024-08-27,2025-01-01,Determine reveal capital media protect energy.,1958-05-24,CAR83440
gybO-19887,Christopher Smith,"5844 Tamara Ports
Joeside, KS 50104",001-564-734-3454x236,joshua10@example.net,2022-10-28,2025-01-17,Resource nearly girl near.,1988-02-03,CAR28996
nIrn-04201,Scott Gates,"64100 Porter Corners Suite 968
West Deborah, GU 25363",777.585.7770,jimenezeric@example.com,2024-05-27,2025-01-16,Alone leader level forward money result first.,1944-07-31,CAR55032
QCPs-08861,Colleen Harris,"8793 Allen Corner Suite 851
Jamesview, VI 62949",001-734-409-6122x1594,sfowler@example.com,2020-01-12,2025-01-10,Face line each make Congress fill.,1962-08-29,CAR15706
dzJl-28722,Shawn Green,"4252 Harris Rue
New Johnathan, CO 65058",289.803.7064x81659,brycewalker@example.com,2020-01-08,2025-01-11,Rate to later catch rock tend.,1969-06-09,CAR28996
XPjF-34839,Cindy Scott,"10239 Parrish Lock
Port Tammy, ID 02074",(995)271-0369x70317,freemanstacey@example.com,2021-11-06,2025-01-03,Begin turn heavy tough.,1948-12-26,CAR90355
GmwT-18870,Ashley Ellis,"205 Don Hills
Jasonland, DC 38952",(208)273-7155,tracy20@example.com,2022-01-30,2025-01-02,International trade network opportunity mother pressure boy wish.,1978-04-07,CAR60288
