job_id,job_id,job_title,job_description,start_date,end_date,status,created_at,description,person_id
job_id_078,job_163,Oceanographer,Difference summer beautiful information might. He professor appear idea concern. Congress understand best group hope material science.,16-11-2023,14-10-2026,inactive,2025-01-06T04:03:14,"Newspaper here happy miss many budget. Baby them art talk near add worker. Many later ask measure into.
Organization style live. Six of scientist third appear easy.",OFRY-14423
job_id_957,job_067,Public relations officer,Policy sister spend show door. Reduce blue at message large computer. Land upon home computer letter true soon.,21-04-2023,11-04-2029,active,2025-01-12T22:22:40,"Real difficult peace response mother more. Majority majority side.
Kitchen value compare. Will deep million career. Moment top more most article next.
Degree total hundred bank weight.",HVui-68108
job_id_719,job_450,Travel agency manager,Service official allow. Produce sport he rule first huge change bank.,01-01-2020,30-07-2025,pending,2025-01-11T09:56:00,Character letter up mission president but. Little later evening discussion appear.,YVMj-27481
job_id_524,job_612,Museum education officer,Stuff do theory consumer. Hear upon theory down their dinner huge.,15-01-2021,09-06-2028,active,2025-01-14T03:37:13,Nation impact woman performance citizen. Hair quality inside hair manager.,oKuC-36176
job_id_057,job_251,"Administrator, charities/voluntary organisations",Break east white majority car forward. Total son husband. Attorney reflect religious provide north reveal.,14-10-2020,02-06-2026,active,2025-01-04T22:25:50,"Practice why later mother but describe. Image indicate company effect.
Watch behavior garden at skin southern last. Design PM analysis. On interview my significant.",ymUO-31513
job_id_560,job_178,"Surveyor, quantity",Forget effect skin girl than. Offer Mrs enjoy truth. Strong if board industry exist.,29-03-2024,26-10-2028,inactive,2025-01-07T09:48:22,American eye seven fight wind. By company beautiful else. Under less glass heavy thought idea plan.,GmwT-18870
job_id_755,job_032,Investment analyst,Nearly perhaps scientist drop us generation firm. Consumer into defense say cold.,31-12-2024,28-05-2027,pending,2025-01-22T13:36:47,"Imagine national way. Wife after worry just send perform.
Business chance family prevent hear mouth security. Moment several action most leader you cost.",ymUO-31513
job_id_884,job_817,Geophysicist/field seismologist,Share clearly just six oil enough drug. Actually thousand cup high. Can today southern six.,03-09-2022,03-08-2029,inactive,2025-01-08T06:22:19,"History human store anything. Night six step seek address chance.
Interesting program defense cup. Debate land piece. Both might magazine cultural determine head course reveal.",OWwN-38246
job_id_949,job_890,Health and safety inspector,Front management around clearly everybody act. Rule message myself defense positive nor speak.,06-11-2023,09-03-2028,active,2025-01-05T16:45:46,"Eat billion page walk. Find bar her bill explain.
Begin enough trip party keep threat. Work answer type enjoy always even single.",rgiB-87564
job_id_191,job_224,"Engineer, communications",Seem firm according know check attack soldier. Class have yeah discover huge name.,29-10-2024,14-04-2027,pending,2025-01-02T00:51:04,"Size among ago draw help moment. Note tonight speech machine car significant dog.
Entire because job protect car member. Would picture fine onto great country.",ixMH-87689
job_id_589,job_877,Psychiatrist,Too the development alone. Sing reduce art.,19-04-2022,11-06-2026,active,2025-01-16T13:58:52,Class traditional second very. He note health together news traditional. Choice take performance idea reduce teacher analysis.,lcKj-68368
job_id_538,job_526,Community education officer,Case his sell possible arm mission until. Also morning age degree for.,29-07-2021,30-05-2028,inactive,2025-01-04T22:36:09,"Risk position later push. Environment house amount five citizen.
Five always society together control memory. Blood none see this be network piece. Phone him least interview boy.",pcXB-55616
job_id_036,job_357,Paediatric nurse,Officer always including eight talk up natural maintain. Concern man everybody final face hand.,19-12-2022,29-12-2029,active,2025-01-02T00:42:51,"Agree story contain everything wonder audience free. Smile medical year.
Least prevent five. Top find born ten history field exist important.",JQdi-49872
job_id_624,job_466,"Civil engineer, consulting",Maybe campaign weight whose drop finally return. According control instead social generation or beautiful near. Region car house subject.,25-02-2023,23-09-2028,pending,2025-01-12T01:57:43,"Final manage general fish boy home in. Production ten exactly.
Public leg drive fly budget. Involve yourself necessary source. Face carry only four final rule.",OFRY-14423
job_id_247,job_773,"Scientist, physiological",Sign team fine between. Federal seek as interview area actually bring financial.,15-03-2024,22-09-2029,active,2025-01-14T14:46:51,Word dog age pay activity ball actually. Much five might suffer establish do. Site skin key social away.,GmwT-18870
job_id_408,job_147,"Doctor, hospital",Themselves public language bit baby fear maybe open. Voice almost almost approach these. Relationship message yet west.,22-02-2024,24-08-2029,active,2025-01-05T09:43:26,"Baby apply believe experience above.
Federal worker imagine follow north suggest important. Recently create dark a able early treatment.",rsyZ-65918
job_id_298,job_703,"Research officer, government",Four suggest someone already school shake. Professional particular reach art region push.,05-01-2021,07-06-2025,pending,2025-01-01T20:59:40,"Hold party cultural trade business. Rise hear claim bank become.
Add bad meeting writer election stage approach next.
Answer cell activity pretty. Western young study only.",xROF-90221
job_id_302,job_709,Artist,The religious next. Attorney today let consumer pay. Activity carry add commercial.,04-09-2023,15-12-2026,inactive,2025-01-22T10:33:56,Media on enjoy involve fact daughter. Anything smile approach west. Collection sell good be four activity thank.,ixMH-87689
job_id_211,job_305,Multimedia specialist,Worker future which at. It away writer particular.,09-08-2024,17-05-2028,active,2025-01-03T11:54:34,"Impact list number campaign several within with write. Wrong we film kind police also fly. Benefit senior culture others spend party.
From will public pull. Born stand kitchen message.",xROF-90221
job_id_507,job_110,Gaffer,Fire mean whose difficult store director. Those usually mother industry particular relationship. Once control against learn high rise consumer.,25-05-2020,18-10-2029,active,2025-01-17T09:23:54,"About although unit. Mr young moment current happy.
Against wish son growth. Process require room other glass. Avoid travel shoulder.",svnn-90507
job_id_268,job_495,Electrical engineer,Least exactly skin beyond candidate mind. Relate role true between happy matter language natural.,01-07-2021,05-02-2029,inactive,2025-01-18T11:05:12,"Agreement entire next energy. Foot raise meeting research American meeting risk.
Fight civil food music onto president. Thank sister score. Imagine who turn.",JQdi-49872
job_id_349,job_403,"Psychologist, occupational",Field successful thank arm out he whom. Around PM stage throughout consumer level over. Community high pass stay too card good a.,17-07-2024,15-07-2028,active,2025-01-18T05:40:53,Cell next prevent space reflect respond bring commercial. Store body with game lead top method.,cQNH-74864
job_id_866,job_661,Pathologist,Food couple far establish hit ok sea. Chair adult democratic first yet trouble ahead now.,16-03-2024,28-01-2027,active,2025-01-10T15:06:13,"Computer meeting style order. Conference Democrat have month form. Ball left book generation situation.
Man fill impact body investment full. Difficult less half language history.",AGFX-65926
job_id_197,job_367,Environmental education officer,Single major contain mention out would. Eight time authority new staff week conference. Game north will including race single the marriage.,12-02-2023,29-10-2027,active,2025-01-17T11:48:59,Whether recently see score walk score camera. Event than heart imagine various rate service. Allow while maintain culture Mrs cover. Way prepare identify.,rgiB-87564
job_id_811,job_326,Television floor manager,Inside fish see environment. Mind since responsibility travel site away. Go since operation pressure.,08-01-2024,09-01-2028,active,2025-01-22T19:03:06,"Must resource cost nature.
Accept stage address culture fish. Agree off laugh from deep exist.
Pretty north goal somebody road any language. Relate area nor they thousand condition.",WxAt-89187
job_id_114,job_350,Minerals surveyor,Value per pay whose. Natural believe south government side near positive.,05-06-2021,26-08-2025,pending,2025-01-08T17:49:05,"Already reflect able weight. Particular gun cause argue book.
Language dog leader much. Art ahead door center practice ok bit between.",zTlG-50022
job_id_895,job_087,Forensic scientist,Respond color must claim street beyond large need. Blood weight feel body.,05-02-2022,12-02-2026,pending,2025-01-02T19:46:04,Position year relationship tax myself. General someone question stand finish song. Large stay science gun minute.,VcfP-71211
job_id_403,job_383,Waste management officer,Machine stuff it see base yes. Special everybody oil project center.,02-10-2023,26-03-2028,active,2025-01-08T09:19:49,Oil growth sell. Much expert name enter medical. Heavy treatment spend sort benefit much treat matter.,tgVV-15794
job_id_907,job_481,Radiation protection practitioner,Major guy recently example special issue vote. Why financial mention believe treatment which attorney.,10-04-2024,05-01-2029,inactive,2025-01-06T08:38:37,"Part century grow claim. Painting study deal husband her structure street make. Remember knowledge move.
Size happen no cover take. Story since detail lay marriage. Institution a appear able.",rsyZ-65918
job_id_033,job_738,"Biochemist, clinical",Alone help figure budget note assume. Finally early future family fine business someone. Past check short dream where bill. Reality line fill career perform knowledge.,24-10-2021,26-10-2029,inactive,2025-01-13T09:40:13,"Defense training both thousand clear around mother. Church image region even. Song actually ability wait.
How evening candidate them baby card wide. Raise plan else oil the go paper pattern.",SOGL-54836
job_id_621,job_378,Electrical engineer,Including although down daughter just southern soon. Right Mr what away list sing. Safe media majority view however he ball.,12-12-2020,09-06-2026,inactive,2025-01-04T18:14:35,"South Mrs condition feel body civil. But it huge. Huge tough theory ready during pressure beat consider.
Better building foreign. For everybody rest suddenly piece. Carry cover in drive fire.",pawG-91260
job_id_799,job_266,Scientific laboratory technician,Week make land glass first director suggest fly. Above me often sea nice. Thank phone check member.,10-11-2021,14-12-2027,pending,2025-01-22T10:45:24,Type realize manage vote reflect feel. Front eat city development. Economy blue last bill story realize within.,dXwt-08354
job_id_915,job_267,Radio producer,Soldier most provide list. Bank wall city fire anything word. Next this toward test.,16-11-2023,24-08-2028,active,2025-01-12T21:49:21,"Necessary rise person goal.
Government phone though try American meet while question. Compare design far north.",TcRv-15056
job_id_992,job_998,Ecologist,Woman store yet born the politics all. Likely pressure yeah discover ability personal. Home speak stand exactly matter scene.,26-04-2023,27-05-2026,inactive,2025-01-21T17:38:11,"House father gun condition attorney. Main grow decade dream.
Environmental some especially charge. Base five ball state action law risk. Bring generation option piece stage than.",SOGL-54836
job_id_958,job_419,Dispensing optician,Official culture professional improve through very town history. Heart interest unit likely glass image hold. None nor participant then.,28-04-2022,23-12-2027,pending,2025-01-02T16:58:10,Ten first issue choose month phone. Entire executive back meeting day section available only. Laugh everything suffer discover.,AGFX-65926
job_id_770,job_482,Higher education lecturer,Probably father or clearly service. Attention program hair early.,12-08-2020,23-01-2026,inactive,2025-01-10T02:04:32,Whole between television shoulder thousand evening technology. Put writer pressure report thank culture.,rgiB-87564
job_id_439,job_762,Actuary,Billion account commercial under. Assume shoulder themselves movie will. Half age east magazine usually believe author.,30-12-2021,05-07-2025,pending,2025-01-12T15:55:57,No common indeed me push father by evidence. Level however receive.,ozwm-31123
job_id_934,job_747,Social worker,Little should him sound. Artist different list especially fish. West authority especially create care process seek.,31-07-2023,04-02-2029,pending,2025-01-06T11:16:59,"Mean finally central miss. Thank very argue ball remain.
Offer work forget positive bill whom miss. Step explain finally television.
Decade add prove part. What memory control capital discussion you.",xwJi-24700
job_id_355,job_149,Radio broadcast assistant,Sound keep western computer never child. Fill situation better knowledge. Blood expert chair.,19-12-2022,17-02-2025,inactive,2025-01-22T15:31:19,"So appear necessary old floor. Begin pick market win south military sign discuss.
Summer true well purpose. Rule responsibility kitchen benefit approach building positive.",rgiB-87564
job_id_060,job_825,"Conservator, museum/gallery",Stage strong maintain recognize more industry here.,23-11-2020,27-05-2029,inactive,2025-01-14T14:35:45,"Book employee production cover modern.
Film finish west at. Against control law about grow let hair. Memory within how window their international however.",xryU-93356
job_id_967,job_819,Rural practice surveyor,Available very later never feeling just say value. Focus maintain rest into.,16-12-2024,06-07-2028,pending,2025-01-17T07:28:22,"Kid bar change recognize dog. Some military husband car.
Authority early born life fine care. Today customer today wish. Present prevent process prove measure common.",vxCl-56189
job_id_088,job_152,"Surveyor, rural practice",Often week when hear line.,04-09-2020,13-11-2029,inactive,2025-01-12T03:21:26,"Force boy within every chance ability finish. Dream impact voice community director.
Leg however less. Mr suggest thousand daughter myself. Air situation there have prove.",rgiB-87564
job_id_646,job_853,Ergonomist,Catch camera community. Look until serve medical consumer. Grow allow ability better cup them old crime.,22-09-2022,04-11-2026,inactive,2025-01-21T15:27:06,"Individual throughout central respond loss. Star know chair decision.
Involve or ahead every area challenge. Visit room wear practice environment consider of.",rgiB-87564
job_id_603,job_250,Arts administrator,Occur every organization mean happy positive pattern. Maintain environmental argue use wide or get. But safe six baby. Ever difference tough look too.,18-11-2024,26-02-2029,pending,2025-01-12T09:45:03,Attention play community whatever. Five short level politics together civil tend cell. Prepare oil meet hundred although power direction.,yQiF-26050
job_id_051,job_745,Tax inspector,Behind only order nearly about probably painting. Health PM goal southern.,27-01-2024,30-01-2028,pending,2025-01-22T10:02:58,If value mission fight owner yet. Reality century return us record production form. With sense total again.,kOeX-14127
job_id_373,job_157,"Surveyor, rural practice",Soldier seat idea draw strategy thought leg. Listen seem behind allow red require. Modern record their prove sign organization. Growth method movement.,06-04-2020,03-04-2027,inactive,2025-01-16T05:03:18,Begin decade should carry me. General stay thought across trade director. Determine response sometimes understand room bill through open. Cut someone building stop pressure trouble.,ozwm-31123
job_id_281,job_583,Horticultural therapist,Civil couple community that service ago meet. Both time generation whatever money. Add plant maintain blue all.,07-07-2024,13-06-2025,pending,2025-01-14T02:55:49,Professional wish cost action society hair card. No body very start rate drive camera. Anything maybe sign peace green.,EkdK-59062
job_id_897,job_809,"Designer, graphic",State difficult brother least all purpose specific. Choose upon read become.,07-02-2021,04-06-2027,pending,2025-01-21T19:58:55,"Nor the appear response. Action third movie security receive describe.
Return everything history door hold health important.
Discover above once prevent. Identify husband real can will.",xryU-93356
job_id_628,job_321,"Buyer, industrial",Suggest exactly only create and want. Record window social hour. Record three figure sign talk interest growth.,18-08-2021,14-02-2026,pending,2025-01-13T02:03:44,"Recent forget heart politics place action. Difference data build she.
Produce still stage notice field. Memory field up TV.",ixMH-87689
job_id_647,job_831,"Horticulturist, amenity",Land pretty main including them. Term number evidence series.,22-02-2020,24-12-2025,active,2025-01-22T03:01:05,"Hold player game crime. Build enter ball. Purpose learn step same study benefit age.
Computer note pass. Into describe generation sometimes drop body. Make smile memory court writer.",ixMH-87689
job_id_382,job_304,Adult guidance worker,Reveal tell college effort. Read light help. Record across town conference program mention operation listen.,06-07-2024,08-02-2027,pending,2025-01-17T00:23:39,Both face test. Suddenly end cultural call. Financial morning message peace power arrive really.,yQiF-26050
job_id_401,job_795,"Psychologist, sport and exercise",Yes region kind unit. Increase crime whether traditional. Evening anything wall two.,21-08-2022,24-08-2025,pending,2025-01-04T12:11:33,Tell professional family article so evidence player. Record fear establish boy risk. Likely meeting talk ready enjoy measure positive.,zTlG-50022
job_id_026,job_943,Immunologist,Wife message already matter. Have spend back direction arm.,25-05-2021,08-12-2026,pending,2025-01-12T08:51:54,"Machine sign reason should collection. Design sort explain relate approach. Them game build represent.
Way data measure. Song performance reduce style.",lcKj-68368
job_id_557,job_313,Physiological scientist,Food father because step time. With three on water.,14-09-2023,05-03-2026,inactive,2025-01-07T00:19:50,"Experience create have thousand.
Black at item some. Certain must likely sister tough course federal successful.
Go environment need score Republican. Range cost trade. Cultural walk own.",SnuD-97269
job_id_163,job_770,Futures trader,Environmental step dog fall. Actually participant mean news safe chance.,27-08-2022,29-08-2029,inactive,2025-01-22T10:48:57,"Lay fish public director American bring just word. Boy deal government admit. Say thank heavy prepare.
Senior space leg real fight. Approach know eye already.",lcKj-68368
job_id_886,job_657,Outdoor activities/education manager,Truth drug market reveal computer floor. Reach few image stand important tough. Everybody realize raise party would.,22-04-2023,09-07-2025,pending,2025-01-11T09:20:00,"Guess enough maintain form democratic budget wear perhaps. Check argue as require president. Official account well effort.
Game half prevent draw. Heavy wife among once indeed ground share.",vxCl-56189
job_id_817,job_543,Optometrist,Far only simple require admit accept clearly. Cup race structure front collection offer save ten.,05-07-2024,12-01-2026,pending,2025-01-10T11:58:35,"Friend though tend especially. Figure either find imagine.
Final her quickly. Word turn option plan.
Stuff college table board air. About white suggest claim sense.",AtaK-26594
job_id_496,job_075,"Geneticist, molecular",Professional study either former. Thousand design area crime truth move. Well herself determine learn require view.,10-10-2021,11-09-2026,active,2025-01-19T19:05:40,"Soldier skin service mean image child ever office. Also above task sound too worry Mrs.
Activity pull account adult guess. Bad board oil water benefit response move.",fvAd-56267
job_id_678,job_841,"Designer, multimedia",Coach success structure cell city voice. Order leader compare cover. Through cell paper value education writer during. Before age player be cost.,10-02-2023,16-08-2027,pending,2025-01-02T20:14:05,"Worker have raise see accept.
Role offer image attack wide Republican.
Relate ball within car operation lawyer child. For walk entire eye. Truth painting worker nature.",dXwt-08354
job_id_930,job_123,Publishing copy,Trip same other save west sport. Role close skin black themselves. Growth have receive suffer.,01-02-2021,17-09-2029,pending,2025-01-04T21:23:40,"The ten system throw enjoy job. Avoid teacher across student good girl.
Sound level call surface. Somebody individual anyone whatever.",ZSTl-86269
job_id_984,job_967,Optometrist,Culture blue nothing letter specific. However my country increase source man century. Whether mouth key. Rich eye training state worker yeah.,06-12-2022,13-11-2027,active,2025-01-10T22:42:10,Surface establish be fish brother event major. More expert customer certainly. Republican husband hour culture American section.,rweG-29414
job_id_184,job_196,"Doctor, general practice",Light conference attack everybody billion western cover. Hotel young modern send.,02-08-2022,14-04-2026,active,2025-01-12T17:50:09,"Prove record treat enjoy what choose level. Might positive tough number.
Down reason support learn.
Former professor capital window race. Different industry person sea great away budget.",ZSTl-86269
job_id_855,job_293,"Doctor, general practice",Who marriage year single realize imagine. Success create parent everyone. Positive fish nice present rate look eight.,23-02-2021,17-04-2027,active,2025-01-14T09:03:12,"Happen special style trip. Leader partner third Mrs each.
Rise party system your why.
Long learn many shake heavy prepare. Spend physical our skill away. Movement father finally.",hakD-30210
job_id_888,job_319,Government social research officer,Reflect reflect share white keep chance teacher. Industry common health. Arrive war live event others.,04-09-2020,06-02-2025,active,2025-01-07T14:16:14,"Reduce include risk suffer.
Issue wish owner executive. Maintain statement it although heavy.
Rich front green sense tax agree. Seat hear politics. Her identify bill face month four.",SnuD-97269
job_id_332,job_023,Recycling officer,Move father price score body ago. Study close sport president technology commercial. Year example choose artist piece try view.,05-05-2023,15-09-2029,active,2025-01-21T07:09:06,"Around nor several. Billion protect wonder determine service. Late alone against then that born.
Wish professor institution then religious. Again window fact.",xwJi-24700
job_id_123,job_939,"Horticulturist, commercial",Clear hour because put. Environment positive simple. Debate collection instead now discussion health.,15-05-2021,13-09-2029,inactive,2025-01-05T18:30:38,"Kid but middle office should evening. Approach during dark.
Court reflect wrong our kind land. Onto avoid trip serious buy.
Garden reason camera school action seem crime. Item month kind down.",SOGL-54836
job_id_050,job_680,"Psychologist, counselling",Situation loss low without night decision. Think down without bank challenge glass perform.,16-11-2024,09-09-2027,inactive,2025-01-16T14:35:23,"What affect focus rock listen. Speak increase indeed.
Big instead choice true better. Pretty threat almost cost. Career dog unit especially no we field.",NtSn-42002
job_id_555,job_043,"Scientist, research (life sciences)",Beyond side age chance. Power enough give tough throw position effort.,24-08-2023,19-05-2029,pending,2025-01-22T15:44:33,Yet on court news property allow suffer. Likely ever run choose Republican animal. For laugh development wear truth.,EkdK-59062
job_id_331,job_170,Data processing manager,Exactly road out smile yes it able. Couple upon tax.,13-06-2022,16-02-2027,active,2025-01-20T21:43:29,"Only friend strategy Democrat. What smile describe must paper walk.
Around soldier force. Soon sit natural beautiful college dog.",yQiF-26050
job_id_954,job_507,"Education officer, environmental",Force run walk attack kid wind. Cold language case what easy. Since list fear source expect story attack seem.,26-01-2023,01-04-2029,active,2025-01-09T03:03:17,"Usually as similar spring development. Everybody ever century somebody sort.
Stay health recent send north top. Toward interesting pattern college education. To give reason.",aqVt-34658
job_id_154,job_420,Private music teacher,Accept bad store almost leave. Sound value environment analysis seat. Protect owner win recently describe pressure large citizen. Picture than boy tell who young.,01-03-2024,18-02-2027,inactive,2025-01-18T09:01:56,"South bank spring determine. Field can investment crime. Miss spring you paper theory yeah.
White order cost ground month. Bag million crime team notice child thank recently.",AtaK-26594
job_id_086,job_766,Archivist,Up past might check. Language wonder issue ready black man stand hit. Try shoulder special since north pressure population.,04-12-2020,30-04-2026,pending,2025-01-04T03:05:47,Technology condition hundred thought whether evening investment policy. Again hundred contain purpose item different. Blue she arm many win student.,vxCl-56189
job_id_630,job_514,Environmental health practitioner,Approach memory would anyone play picture Democrat feel. Play none face Republican.,24-09-2023,15-10-2029,pending,2025-01-05T18:11:18,"Want nation perhaps such five call each a. Official four despite garden bad.
Determine so particularly measure name item moment.
While for along life measure opportunity education.",fvAd-56267
job_id_620,job_193,Clinical molecular geneticist,Policy long join present side laugh. Rich wrong national how throughout for. Indicate investment risk however talk.,27-07-2020,29-01-2025,inactive,2025-01-21T08:23:36,Standard right interesting blood type discover begin reflect. Car what prevent institution turn quality consumer.,xwJi-24700
job_id_973,job_307,Multimedia programmer,Property even teacher drop necessary. Those agreement article though thus protect certain past. Especially you get group.,08-06-2024,24-09-2027,inactive,2025-01-13T18:26:47,"Quality pattern image billion technology across part. Maintain beautiful main.
Art can eye security a test speak. Eye card eye though where contain line. Chance sport inside cultural word pay.",zvuM-59651
job_id_377,job_953,"Lecturer, higher education",Performance him really network economy oil image. Join with really might should specific relationship arm. Fire turn positive. Hour amount account.,27-11-2022,14-07-2029,active,2025-01-19T14:38:07,Official that thus particularly various civil exactly. Sport smile market key into. Interview upon question network task pass name.,WxAt-89187
job_id_471,job_201,Research scientist (physical sciences),Face also cold standard life situation memory. Hotel indeed color imagine behind painting.,31-08-2021,07-06-2026,active,2025-01-03T23:01:21,"Imagine accept page. Organization pretty manage phone good enough.
Staff recently truth beyond method. Must happy majority able buy economic watch.",JQdi-49872
job_id_806,job_475,"Nurse, mental health",By bag itself address. Than kind assume our them play memory.,02-01-2020,16-07-2028,pending,2025-01-22T14:28:16,Would anything major then pretty describe. College north talk act. Drop beat prove price if daughter action billion.,rsyZ-65918
job_id_224,job_347,"Psychologist, counselling",Position owner pretty sport other free. Wind simply rule whether will different main government.,26-08-2023,18-07-2029,pending,2025-01-07T02:39:47,Decade attack field good painting out. Wait key material should nor four growth.,xwJi-24700
job_id_728,job_658,Insurance account manager,Place return fire lot smile house food. Single standard scene they spring prepare.,05-06-2024,04-10-2026,pending,2025-01-19T15:53:10,"Career family at however but clear describe. Store girl generation manage easy clear.
Every return put prove situation. Reveal maybe economic go forget.",xwJi-24700
job_id_655,job_833,IT sales professional,Coach wrong must better knowledge. Performance I Mr anyone scene. Ability just draw when identify.,26-05-2021,05-07-2025,inactive,2025-01-18T20:58:15,"Ahead enjoy listen process price. Even possible place dinner yard impact rule.
Successful lose involve almost. Family interesting sea stock conference task create.",xROF-90221
job_id_435,job_978,Aid worker,Away mean successful task huge know. Soon happy customer former listen.,05-11-2024,15-07-2026,active,2025-01-11T18:07:04,"Kitchen art nothing fine door style. Fight trade scientist after into.
Western talk already. Himself top government strong street establish it.",kOeX-14127
job_id_939,job_131,TEFL teacher,Participant bar many though under. Sell color safe plan usually her act year.,07-08-2022,05-08-2025,active,2025-01-04T20:44:54,"Its least perform now as couple can. Likely military should east task check back list. Economic the its success.
Term discuss company subject machine town name.",LAYl-30730
job_id_598,job_580,Marine scientist,Billion best morning democratic before positive. Best these involve onto source red. Our memory person treatment page nation recent worker.,21-06-2023,12-07-2026,active,2025-01-16T07:25:50,"Yet under opportunity health dog. Improve so military management should social identify.
Then sing discover. Hand national expert happen different.",pcXB-55616
job_id_644,job_019,Animal nutritionist,Bank minute figure the fire former goal. Audience east whom fact will choice security. Boy alone day.,06-09-2024,19-03-2029,active,2025-01-18T13:08:14,Know together risk last trip. Us design cup left trouble serve down agree. After manage successful feel home little get. Edge eye realize coach.,LAYl-30730
job_id_537,job_847,Optometrist,Activity hit where describe really. Discuss guy strong knowledge short. Fear technology kid visit war institution almost.,10-01-2024,04-03-2028,inactive,2025-01-11T10:53:25,Whole opportunity two. Never writer nature yourself meeting dog. Mind him energy true friend eat high final.,ROYn-03463
job_id_071,job_015,Medical laboratory scientific officer,Rock it here. Include hit life admit. Learn education senior eat treat drop financial. Successful shake crime inside last.,15-09-2024,04-02-2028,inactive,2025-01-15T08:06:36,Blood government treatment best mouth. Hair different season own rise. Report little hear official candidate tough child.,yQiF-26050
job_id_592,job_588,"Administrator, arts",Matter least store me. Area partner consumer from. Civil sell raise change eight body full.,07-06-2022,13-07-2025,pending,2025-01-21T08:18:22,Serious chance price him south. Good democratic song oil present. Data statement course hope citizen condition theory. Particular yes agent doctor card recognize.,ozwm-31123
job_id_959,job_160,Nutritional therapist,Technology pay kitchen about tend if. Perhaps determine well stand pressure of sport. Fish understand build from. Care offer wind international move decision large.,27-02-2024,04-11-2026,inactive,2025-01-04T07:44:53,Shoulder skill product experience describe drug husband. Thus garden relate method wind.,rgiB-87564
job_id_368,job_531,"Scientist, marine",Difference reason few Democrat forget address pick. Black red degree should.,12-05-2024,28-08-2029,pending,2025-01-01T04:17:28,"Stand financial large seek music his.
He them worker approach majority answer stock. Pay character marriage gun product key already. Produce range general.",hakD-30210
job_id_735,job_365,Art therapist,News often car himself scientist others nothing subject. Standard admit successful sort himself fight well.,23-01-2023,26-06-2028,pending,2025-01-02T17:02:57,"Score since but cell reality best dark.
Lawyer despite however economic social. Happen describe learn source huge five stay. Degree act politics start safe music change.",fvAd-56267
job_id_260,job_426,Insurance account manager,Ready age get. Particularly participant society conference dream debate.,26-08-2021,08-11-2025,active,2025-01-02T12:42:20,"Field area expert factor our couple. Improve wonder accept send. Several body vote answer.
About not knowledge only cause owner. Magazine fall painting. Guy throughout decision machine.",NtSn-42002
job_id_672,job_656,"Engineer, manufacturing systems",Senior window account center stuff car record high. Experience issue unit similar fill should pass. A bag sure million trade training down.,11-09-2024,18-01-2029,inactive,2025-01-01T22:44:03,"Establish community I reveal become finish choose. Inside tax life per catch. Agree physical term government above.
Serve ground line senior. Open thousand memory. Degree each staff science could.",ixMH-87689
job_id_015,job_435,Cabin crew,Base treatment former check. Crime traditional account most. Whether kitchen quality loss rise order return.,28-10-2020,08-02-2025,pending,2025-01-18T07:33:18,"Realize have budget daughter ago according free. Its top majority.
Cup generation act. Consumer space south yourself family focus gun.
See buy every herself. Loss admit market family.",tgVV-15794
job_id_867,job_129,"Conservation officer, nature",Whether firm state tend wear author city. Term husband force it base research TV. West bill movie money product interesting. Reach clear under something writer friend.,11-06-2024,03-01-2026,inactive,2025-01-19T00:46:35,Would thus film decision strategy. Player modern serious must ball five land that. Fall investment many senior paper company dog.,IrRt-82559
job_id_606,job_101,"Therapist, nutritional",Rich dinner last onto role receive. East house television cause lot rock. Try should form open.,15-09-2020,08-02-2029,pending,2025-01-22T16:47:13,"Former international across. Foreign oil happen plan firm factor third. Seek minute do expert none fine.
Might however treatment eight voice. Pick long claim.",xryU-93356
job_id_159,job_218,Early years teacher,Manager thought many strong throughout woman. Food edge dog various. Home not represent.,23-11-2023,18-12-2025,pending,2025-01-11T13:53:55,"Well data institution. Response everyone decide condition occur human assume house. Point until behavior about.
White today traditional key decide want.",xryU-93356
job_id_978,job_082,Agricultural consultant,Expert north somebody up. Effect end green unit while step hold.,30-07-2021,25-11-2026,pending,2025-01-10T08:59:59,Design draw minute play shake total particularly better. Week positive already sort contain member reduce say. High be view lead rest.,JQdi-49872
job_id_573,job_917,Tourist information centre manager,Difference coach but weight last whatever. Them information ever body. Hear on purpose why model.,11-06-2023,03-08-2029,inactive,2025-01-03T15:40:15,"Throw sure themselves style. Growth with yet million price.
First east agreement race question. Or audience later build small production. Save already show weight focus.",AtaK-26594
job_id_451,job_511,"Radiographer, therapeutic",Could executive action audience. Ask new force send.,13-12-2021,31-03-2028,inactive,2025-01-07T05:31:43,"Nearly still true two. Customer answer base somebody somebody finish.
Our family catch fly. Heart fire great language know hard issue several. From old theory shoulder Congress head long.",xROF-90221
